{
    "loss": [
        1.2090789914668143,
        1.1969304065983575,
        1.1886045535852958
    ],
    "accuracy": [
        0.9545795795795796,
        0.9512012012012012,
        0.9519519519519519
    ]
}