{
    "loss": [
        4.408977103841913,
        3.825864403097479,
        3.3879381792323366,
        3.059843187575584,
        2.7903009972593806,
        2.5593175258006418,
        2.3686390416221217,
        2.192123132156538,
        2.040306098915793,
        1.9077582649282507,
        1.7886020306710366,
        1.6934695530224133,
        1.598335623785898,
        1.5154392075789225,
        1.448900068486417,
        1.3890329790455442,
        1.3253762238286995,
        1.27420308116499,
        1.2389838665097326,
        1.1878052677388664
    ],
    "accuracy": [
        0.24587087087087087,
        0.37987987987987987,
        0.4650900900900901,
        0.5367867867867868,
        0.585960960960961,
        0.628003003003003,
        0.6662912912912913,
        0.6884384384384384,
        0.7222222222222222,
        0.7421171171171171,
        0.7597597597597597,
        0.7864114114114115,
        0.7995495495495496,
        0.825075075075075,
        0.8307057057057057,
        0.8434684684684685,
        0.8577327327327328,
        0.8633633633633634,
        0.8723723723723724,
        0.8768768768768769
    ]
}